Workbook

Sheet Products
A1: PRODUCTID | B1: PRODUCT | C1: PRICE
A2: 101 | B2: Product A | C2: 120
A3: 102 | B3: Product B | C3: 150
A4: 103 | B4: Product C | C4: 200
A5: 104 | B5: Product D | C5: 90
A6: 105 | B6: Product E | C6: 220
A7: 106 | B7: Product F | C7: 130 | F7: 1. Use VLOOKUP to find the product names for each ProductID in the Orders worksheet.
F8: 2. Use VLOOKUP to find the price for each ProductID in the Orders worksheet, then calculate the TotalPrice by multiplying the Quantity by the Product Price.
F9: 3. Use VLOOKUP to check if there are any ProductIDs in the Orders worksheet that do not exist in the Products worksheet.
F10: 4. Assume a discount of 10% is given on all products. Use VLOOKUP to find the original price and then calculate the discounted price.
F11: 5. Use VLOOKUP to find the price for each ProductID and then calculate the order value. Find the maximum order value from the list.
F12: 6. Use VLOOKUP to find out which products from the Products worksheet have not been ordered.
F13: 7. Use VLOOKUP to find the Product name and summarize the total quantity sold for each product.

Sheet Orders
A1: OrderID | B1: ProductID | C1: Quantity | D1: Product Name | E1: Price | F1: TotalPrice | G1: Product exist or not | H1: Orig Price | I1: Disc Price (10%) | J1: Ordered Status
A2: 1 | B2: 101 | C2: 2 | D2: =VLOOKUP(B2, Products!$A$2:$C$7, 2, FALSE) -> Product A | E2: =VLOOKUP(B2, Products!$A$2:$C$7, 3, FALSE) -> 120 | F2: =C2*E2 -> 240 | G2: =IF(ISNA(VLOOKUP(B2, Products!$A$2:$A$7, 1, FALSE)), "Not Available", "Available") -> Available | H2: =VLOOKUP(B2, Products!$A$2:$C$7, 3, FALSE) -> 120 | I2: =H2*0.9 -> 108 | J2: =IF(ISNA(VLOOKUP(B2, Products!$A$2:$A$7, 1, FALSE)), "Not Ordered", "Ordered") -> Ordered
A3: 2 | B3: 103 | C3: 1 | D3: =VLOOKUP(B3, Products!$A$2:$C$7, 2, FALSE) -> Product C | E3: =VLOOKUP(B3, Products!$A$2:$C$7, 3, FALSE) -> 200 | F3: =C3*E3 -> 200 | G3: =IF(ISNA(VLOOKUP(B3, Products!$A$2:$A$7, 1, FALSE)), "Not Available", "Available") -> Available | H3: =VLOOKUP(B3, Products!$A$2:$C$7, 3, FALSE) -> 200 | I3: =H3*0.9 -> 180 | J3: =IF(ISNA(VLOOKUP(B3, Products!$A$2:$A$7, 1, FALSE)), "Not Ordered", "Ordered") -> Ordered
A4: 3 | B4: 105 | C4: 4 | D4: =VLOOKUP(B4, Products!$A$2:$C$7, 2, FALSE) -> Product E | E4: =VLOOKUP(B4, Products!$A$2:$C$7, 3, FALSE) -> 220 | F4: =C4*E4 -> 880 | G4: =IF(ISNA(VLOOKUP(B4, Products!$A$2:$A$7, 1, FALSE)), "Not Available", "Available") -> Available | H4: =VLOOKUP(B4, Products!$A$2:$C$7, 3, FALSE) -> 220 | I4: =H4*0.9 -> 198 | J4: =IF(ISNA(VLOOKUP(B4, Products!$A$2:$A$7, 1, FALSE)), "Not Ordered", "Ordered") -> Ordered
A5: 4 | B5: 106 | C5: 3 | D5: =VLOOKUP(B5, Products!$A$2:$C$7, 2, FALSE) -> Product F | E5: =VLOOKUP(B5, Products!$A$2:$C$7, 3, FALSE) -> 130 | F5: =C5*E5 -> 390 | G5: =IF(ISNA(VLOOKUP(B5, Products!$A$2:$A$7, 1, FALSE)), "Not Available", "Available") -> Available | H5: =VLOOKUP(B5, Products!$A$2:$C$7, 3, FALSE) -> 130 | I5: =H5*0.9 -> 117 | J5: =IF(ISNA(VLOOKUP(B5, Products!$A$2:$A$7, 1, FALSE)), "Not Ordered", "Ordered") -> Ordered
A6: 5 | B6: 102 | C6: 5 | D6: =VLOOKUP(B6, Products!$A$2:$C$7, 2, FALSE) -> Product B | E6: =VLOOKUP(B6, Products!$A$2:$C$7, 3, FALSE) -> 150 | F6: =C6*E6 -> 750 | G6: =IF(ISNA(VLOOKUP(B6, Products!$A$2:$A$7, 1, FALSE)), "Not Available", "Available") -> Available | H6: =VLOOKUP(B6, Products!$A$2:$C$7, 3, FALSE) -> 150 | I6: =H6*0.9 -> 135 | J6: =IF(ISNA(VLOOKUP(B6, Products!$A$2:$A$7, 1, FALSE)), "Not Ordered", "Ordered") -> Ordered
A7: 6 | B7: 104 | C7: 6 | D7: =VLOOKUP(B7, Products!$A$2:$C$7, 2, FALSE) -> Product D | E7: =VLOOKUP(B7, Products!$A$2:$C$7, 3, FALSE) -> 90 | F7: =C7*E7 -> 540 | G7: =IF(ISNA(VLOOKUP(B7, Products!$A$2:$A$7, 1, FALSE)), "Not Available", "Available") -> Available | H7: =VLOOKUP(B7, Products!$A$2:$C$7, 3, FALSE) -> 90 | I7: =H7*0.9 -> 81 | J7: =IF(ISNA(VLOOKUP(B7, Products!$A$2:$A$7, 1, FALSE)), "Not Ordered", "Ordered") -> Ordered
F9: Max Order Value: | G9: =MAX(F2:F7) -> 880

Sheet Summary
A1: ProductID | B1: Product Name | C1: Total Quantity Sold
A2: 101 | B2: =VLOOKUP(A2, Products!$A$2:$C$7, 2, FALSE) -> Product A | C2: =SUMIF(Orders!$B$2:$B$7, A2, Orders!$C$2:$C$7) -> 2
A3: 102 | B3: =VLOOKUP(A3, Products!$A$2:$C$7, 2, FALSE) -> Product B | C3: =SUMIF(Orders!$B$2:$B$7, A3, Orders!$C$2:$C$7) -> 5
A4: 103 | B4: =VLOOKUP(A4, Products!$A$2:$C$7, 2, FALSE) -> Product C | C4: =SUMIF(Orders!$B$2:$B$7, A4, Orders!$C$2:$C$7) -> 1
A5: 104 | B5: =VLOOKUP(A5, Products!$A$2:$C$7, 2, FALSE) -> Product D | C5: =SUMIF(Orders!$B$2:$B$7, A5, Orders!$C$2:$C$7) -> 6
A6: 105 | B6: =VLOOKUP(A6, Products!$A$2:$C$7, 2, FALSE) -> Product E | C6: =SUMIF(Orders!$B$2:$B$7, A6, Orders!$C$2:$C$7) -> 4
A7: 106 | B7: =VLOOKUP(A7, Products!$A$2:$C$7, 2, FALSE) -> Product F | C7: =SUMIF(Orders!$B$2:$B$7, A7, Orders!$C$2:$C$7) -> 3
