Workbook

Sheet Questions
A1: HLOOKUP Lab Questions
A3: 1. Use HLOOKUP to find the sales for Product A in March.
A4: 2. Use HLOOKUP to find the sales for Product D in May.
A5: 3. Use HLOOKUP to find the sales for Product C in February.
A6: 4. Use HLOOKUP to find the sales for each month for a product, then calculate the total sales for that product.
A7: 5. Use HLOOKUP to find the maximum sales value for Product B across all months.
A8: 6. Use HLOOKUP to find the minimum sales value for Product F across all months.
A9: 7. Use HLOOKUP to find the average sales value for Product E across all months.

Sheet Sales Data
A3: Product / Month | B3: Jan | C3: Feb | D3: Mar | E3: Apr | F3: May
A4: Product A | B4: 120 | C4: 130 | D4: 140 | E4: 150 | F4: 160
A5: Product B | B5: 150 | C5: 160 | D5: 170 | E5: 180 | F5: 190
A6: Product C | B6: 200 | C6: 210 | D6: 220 | E6: 230 | F6: 240
A7: Product D | B7: 90 | C7: 100 | D7: 110 | E7: 120 | F7: 130
A8: Product E | B8: 220 | C8: 230 | D8: 240 | E8: 250 | F8: 260
A9: Product F | B9: 130 | C9: 140 | D9: 150 | E9: 160 | F9: 170

Sheet Solutions
A3: Question | B3: Target Product | C3: Target Month | D3: HLOOKUP Formula Answer
A4: Q1: Sales for Product A in March | B4: Product A | C4: Mar | D4: =HLOOKUP("Mar", 'Sales Data'!$A$3:$F$10, 2, FALSE) -> 140
A5: Q2: Sales for Product D in May | B5: Product D | C5: May | D5: =HLOOKUP("May", 'Sales Data'!$A$3:$F$10, 5, FALSE) -> 130
A6: Q3: Sales for Product C in February | B6: Product C | C6: Feb | D6: =HLOOKUP("Feb", 'Sales Data'!$A$3:$F$10, 4, FALSE) -> 210
A9: Question 4:
A11: Product | B11: Jan | C11: Feb | D11: Mar | E11: Apr | F11: May | G11: Total Sales (SUM)
A12: Product A | B12: =HLOOKUP("Jan", 'Sales Data'!$A$3:$F$10, 2, FALSE) -> 120 | C12: =HLOOKUP("Feb", 'Sales Data'!$A$3:$F$10, 2, FALSE) -> 130 | D12: =HLOOKUP("Mar", 'Sales Data'!$A$3:$F$10, 2, FALSE) -> 140 | E12: =HLOOKUP("Apr", 'Sales Data'!$A$3:$F$10, 2, FALSE) -> 150 | F12: =HLOOKUP("May", 'Sales Data'!$A$3:$F$10, 2, FALSE) -> 160 | G12: =SUM(B12:F12) -> 700
A13: Product B | B13: =HLOOKUP("Jan", 'Sales Data'!$A$3:$F$10, 3, FALSE) -> 150 | C13: =HLOOKUP("Feb", 'Sales Data'!$A$3:$F$10, 3, FALSE) -> 160 | D13: =HLOOKUP("Mar", 'Sales Data'!$A$3:$F$10, 3, FALSE) -> 170 | E13: =HLOOKUP("Apr", 'Sales Data'!$A$3:$F$10, 3, FALSE) -> 180 | F13: =HLOOKUP("May", 'Sales Data'!$A$3:$F$10, 3, FALSE) -> 190 | G13: =SUM(B13:F13) -> 850
A14: Product C | B14: =HLOOKUP("Jan", 'Sales Data'!$A$3:$F$10, 4, FALSE) -> 200 | C14: =HLOOKUP("Feb", 'Sales Data'!$A$3:$F$10, 4, FALSE) -> 210 | D14: =HLOOKUP("Mar", 'Sales Data'!$A$3:$F$10, 4, FALSE) -> 220 | E14: =HLOOKUP("Apr", 'Sales Data'!$A$3:$F$10, 4, FALSE) -> 230 | F14: =HLOOKUP("May", 'Sales Data'!$A$3:$F$10, 4, FALSE) -> 240 | G14: =SUM(B14:F14) -> 1100
A15: Product D | B15: =HLOOKUP("Jan", 'Sales Data'!$A$3:$F$10, 5, FALSE) -> 90 | C15: =HLOOKUP("Feb", 'Sales Data'!$A$3:$F$10, 5, FALSE) -> 100 | D15: =HLOOKUP("Mar", 'Sales Data'!$A$3:$F$10, 5, FALSE) -> 110 | E15: =HLOOKUP("Apr", 'Sales Data'!$A$3:$F$10, 5, FALSE) -> 120 | F15: =HLOOKUP("May", 'Sales Data'!$A$3:$F$10, 5, FALSE) -> 130 | G15: =SUM(B15:F15) -> 550
A16: Product E | B16: =HLOOKUP("Jan", 'Sales Data'!$A$3:$F$10, 6, FALSE) -> 220 | C16: =HLOOKUP("Feb", 'Sales Data'!$A$3:$F$10, 6, FALSE) -> 230 | D16: =HLOOKUP("Mar", 'Sales Data'!$A$3:$F$10, 6, FALSE) -> 240 | E16: =HLOOKUP("Apr", 'Sales Data'!$A$3:$F$10, 6, FALSE) -> 250 | F16: =HLOOKUP("May", 'Sales Data'!$A$3:$F$10, 6, FALSE) -> 260 | G16: =SUM(B16:F16) -> 1200
A17: Product F | B17: =HLOOKUP("Jan", 'Sales Data'!$A$3:$F$10, 7, FALSE) -> 130 | C17: =HLOOKUP("Feb", 'Sales Data'!$A$3:$F$10, 7, FALSE) -> 140 | D17: =HLOOKUP("Mar", 'Sales Data'!$A$3:$F$10, 7, FALSE) -> 150 | E17: =HLOOKUP("Apr", 'Sales Data'!$A$3:$F$10, 7, FALSE) -> 160 | F17: =HLOOKUP("May", 'Sales Data'!$A$3:$F$10, 7, FALSE) -> 170 | G17: =SUM(B17:F17) -> 750
A22: Question Description | B22: Product Scope | C22: Metric Applied | D22: Formula Answer Value
A23: Q5: Max sales for Product B across all months | B23: Product B | C23: MAX | D23: =MAX(B13:F13) -> 190
A24: Q6: Min sales for Product F across all months | B24: Product F | C24: MIN | D24: =MIN(B17:F17) -> 130
A25: Q7: Average sales for Product E across all months | B25: Product E | C25: AVERAGE | D25: =AVERAGE(B16:F16) -> 240
